[
  {
    "inputs": [
      {
        "internalType": "uint16",
        "name": "_srcChainId",
        "type": "uint16"
      },
      {
        "internalType": "bytes",
        "name": "_srcAddress",
        "type": "bytes"
      }
    ],
    "name": "forceResumeReceive",
    "outputs": [],
    "stateMutability": "nonpayable",
    "type": "function"
  },
  {
    "inputs": [
      {
        "internalType": "uint16",
        "name": "_version",
        "type": "uint16"
      },
      {
        "internalType": "uint16",
        "name": "_chainId",
        "type": "uint16"
      },
      {
        "internalType": "uint256",
        "name": "_configType",
        "type": "uint256"
      },
      {
        "internalType": "bytes",
        "name": "_config",
        "type": "bytes"
      }
    ],
    "name": "setConfig",
    "outputs": [],
    "stateMutability": "nonpayable",
    "type": "function"
  },
  {
    "inputs": [
      {
        "internalType": "uint16",
        "name": "_version",
        "type": "uint16"
      }
    ],
    "name": "setReceiveVersion",
    "outputs": [],
    "stateMutability": "nonpayable",
    "type": "function"
  },
  {
    "inputs": [
      {
        "internalType": "uint16",
        "name": "_version",
        "type": "uint16"
      }
    ],
    "name": "setSendVersion",
    "outputs": [],
    "stateMutability": "nonpayable",
    "type": "function"
  }
]
