[
  {
    "inputs": [
      {
        "internalType": "uint16",
        "name": "_srcChainId",
        "type": "uint16"
      },
      {
        "internalType": "bytes",
        "name": "_srcAddress",
        "type": "bytes"
      },
      {
        "internalType": "uint64",
        "name": "_nonce",
        "type": "uint64"
      },
      {
        "internalType": "bytes",
        "name": "_payload",
        "type": "bytes"
      }
    ],
    "name": "lzReceive",
    "outputs": [],
    "stateMutability": "nonpayable",
    "type": "function"
  }
]
