[
  {
    "inputs": [],
    "name": "getInterfaces",
    "outputs": [
      {
        "internalType": "address",
        "name": "interfaces",
        "type": "address"
      }
    ],
    "stateMutability": "view",
    "type": "function"
  },
  {
    "inputs": [],
    "name": "getLZEndpoint",
    "outputs": [
      {
        "internalType": "address",
        "name": "lZEndpoint",
        "type": "address"
      }
    ],
    "stateMutability": "view",
    "type": "function"
  },
  {
    "inputs": [],
    "name": "getOperator",
    "outputs": [
      {
        "internalType": "address",
        "name": "operator",
        "type": "address"
      }
    ],
    "stateMutability": "view",
    "type": "function"
  },
  {
    "inputs": [
      {
        "internalType": "uint16",
        "name": "_srcChainId",
        "type": "uint16"
      },
      {
        "internalType": "bytes",
        "name": "_srcAddress",
        "type": "bytes"
      },
      {
        "internalType": "uint64",
        "name": "_nonce",
        "type": "uint64"
      },
      {
        "internalType": "bytes",
        "name": "_payload",
        "type": "bytes"
      }
    ],
    "name": "lzReceive",
    "outputs": [],
    "stateMutability": "payable",
    "type": "function"
  },
  {
    "inputs": [
      {
        "internalType": "address",
        "name": "interfaces",
        "type": "address"
      }
    ],
    "name": "setInterfaces",
    "outputs": [],
    "stateMutability": "nonpayable",
    "type": "function"
  },
  {
    "inputs": [
      {
        "internalType": "address",
        "name": "lZEndpoint",
        "type": "address"
      }
    ],
    "name": "setLZEndpoint",
    "outputs": [],
    "stateMutability": "nonpayable",
    "type": "function"
  },
  {
    "inputs": [
      {
        "internalType": "address",
        "name": "operator",
        "type": "address"
      }
    ],
    "name": "setOperator",
    "outputs": [],
    "stateMutability": "nonpayable",
    "type": "function"
  }
]
