[
  {
    "inputs": [
      {
        "internalType": "uint32",
        "name": "_chainId",
        "type": "uint32"
      },
      {
        "internalType": "bytes",
        "name": "_data",
        "type": "bytes"
      }
    ],
    "name": "bridgeIn",
    "outputs": [
      {
        "internalType": "bool",
        "name": "success",
        "type": "bool"
      }
    ],
    "stateMutability": "nonpayable",
    "type": "function"
  },
  {
    "inputs": [
      {
        "internalType": "uint32",
        "name": "_chainId",
        "type": "uint32"
      },
      {
        "internalType": "address",
        "name": "_sender",
        "type": "address"
      },
      {
        "internalType": "bytes",
        "name": "_payload",
        "type": "bytes"
      }
    ],
    "name": "bridgeOut",
    "outputs": [
      {
        "internalType": "bytes",
        "name": "_data",
        "type": "bytes"
      }
    ],
    "stateMutability": "nonpayable",
    "type": "function"
  }
]